name,A_aperture,W_aperture,L_SCA,ColperSCA,Ave_Focal_Length,Distance_SCA,TrackingError,Error,GeomEffects,Rho_mirror_clean,Dirt_mirror,IAM_matrix
Absolicon T160,5.51,1.096,5.8,1,0.4,1,0.995,0.98,0.96,0.935,0.95,"[0.981625, 0.128440, 0.499163, -0.383874]"
NEP PolyTrough 1800,18.45,1.965,11.085,1,0.6,1,0.99,0.97,0.96,0.935,0.95,"[0.99544056, 0.49594773, -3.38209402, 7.01301925, -5.74261186, 1.50012612]"
Power Trough 250,10.0,2.58,4.0,1,0.8,1,0.99,0.965,0.96,0.935,0.95,"[0.99, 0.41, -2.02, 2.99]"
