name,A_aperture,W_aperture,L_SCA,ColperSCA,Ave_Focal_Length,Distance_SCA,TrackingError,Error,GeomEffects,Rho_mirror_clean,Dirt_mirror,IAM_matrix
Absolicon T160,22.04,1.096,23.2,4,0.4,0.5,0.995,0.98,0.96,0.935,0.95,"[1.004545, -0.242370, 0.794055, -0.745714]"
NEP PolyTrough 1800,18.45,1.965,11.085,1,0.6,0.5,0.99,0.97,0.96,0.935,0.95,"[1.004091, -0.169386, 0.345334, -0.289736]"
Power Trough 250,10.0,2.58,4.0,1,0.8,0.5,0.99,0.965,0.96,0.935,0.95,"[1.004091, -0.169386, 0.345334, -0.289736]"